Value_0,Value_1,Value_2,Value_3,Value_4,Value_5,Value_6,Value_7,Value_8,Value_9,Value_10,Value_11,Value_12,Value_13,Value_14,Value_15,Value_16,Value_17,Value_18,Value_19,Value_20,Value_21,Value_22,Value_23,Value_24,Value_25,Value_26,Value_27,Value_28,Value_29,Value_30,Label
51,50,155,0,0,0,0,0,0,0,0,0,0,0,0,0,0,0,0,0,0,0,0,0,0,0,0,0,0,0,0,4
5,223,28,0,0,0,0,0,0,0,0,0,0,0,0,0,0,0,0,0,0,0,0,0,0,0,0,0,0,0,0,4
14,99,143,0,0,0,0,0,0,0,0,0,0,0,0,0,0,0,0,0,0,0,0,0,0,0,0,0,0,0,0,4
88,106,62,0,0,0,0,0,0,0,0,0,0,0,0,0,0,0,0,0,0,0,0,0,0,0,0,0,0,0,0,4
18,151,87,0,0,0,0,0,0,0,0,0,0,0,0,0,0,0,0,0,0,0,0,0,0,0,0,0,0,0,0,4
30,141,85,0,0,0,0,0,0,0,0,0,0,0,0,0,0,0,0,0,0,0,0,0,0,0,0,0,0,0,0,4
66,127,63,0,0,0,0,0,0,0,0,0,0,0,0,0,0,0,0,0,0,0,0,0,0,0,0,0,0,0,0,4
67,50,139,0,0,0,0,0,0,0,0,0,0,0,0,0,0,0,0,0,0,0,0,0,0,0,0,0,0,0,0,4
125,22,109,0,0,0,0,0,0,0,0,0,0,0,0,0,0,0,0,0,0,0,0,0,0,0,0,0,0,0,0,4
40,13,203,0,0,0,0,0,0,0,0,0,0,0,0,0,0,0,0,0,0,0,0,0,0,0,0,0,0,0,0,4
88,53,115,0,0,0,0,0,0,0,0,0,0,0,0,0,0,0,0,0,0,0,0,0,0,0,0,0,0,0,0,4
52,37,167,0,0,0,0,0,0,0,0,0,0,0,0,0,0,0,0,0,0,0,0,0,0,0,0,0,0,0,0,4
41,156,59,0,0,0,0,0,0,0,0,0,0,0,0,0,0,0,0,0,0,0,0,0,0,0,0,0,0,0,0,4
36,93,127,0,0,0,0,0,0,0,0,0,0,0,0,0,0,0,0,0,0,0,0,0,0,0,0,0,0,0,0,4
98,155,3,0,0,0,0,0,0,0,0,0,0,0,0,0,0,0,0,0,0,0,0,0,0,0,0,0,0,0,0,4
196,53,7,0,0,0,0,0,0,0,0,0,0,0,0,0,0,0,0,0,0,0,0,0,0,0,0,0,0,0,0,4
7,86,163,0,0,0,0,0,0,0,0,0,0,0,0,0,0,0,0,0,0,0,0,0,0,0,0,0,0,0,0,4
128,24,104,0,0,0,0,0,0,0,0,0,0,0,0,0,0,0,0,0,0,0,0,0,0,0,0,0,0,0,0,4
160,40,56,0,0,0,0,0,0,0,0,0,0,0,0,0,0,0,0,0,0,0,0,0,0,0,0,0,0,0,0,4
52,149,55,0,0,0,0,0,0,0,0,0,0,0,0,0,0,0,0,0,0,0,0,0,0,0,0,0,0,0,0,4
24,222,10,0,0,0,0,0,0,0,0,0,0,0,0,0,0,0,0,0,0,0,0,0,0,0,0,0,0,0,0,4
52,172,32,0,0,0,0,0,0,0,0,0,0,0,0,0,0,0,0,0,0,0,0,0,0,0,0,0,0,0,0,4
52,105,99,0,0,0,0,0,0,0,0,0,0,0,0,0,0,0,0,0,0,0,0,0,0,0,0,0,0,0,0,4
98,81,77,0,0,0,0,0,0,0,0,0,0,0,0,0,0,0,0,0,0,0,0,0,0,0,0,0,0,0,0,4
2,168,86,0,0,0,0,0,0,0,0,0,0,0,0,0,0,0,0,0,0,0,0,0,0,0,0,0,0,0,0,4
42,113,101,0,0,0,0,0,0,0,0,0,0,0,0,0,0,0,0,0,0,0,0,0,0,0,0,0,0,0,0,4
52,72,132,0,0,0,0,0,0,0,0,0,0,0,0,0,0,0,0,0,0,0,0,0,0,0,0,0,0,0,0,4
208,20,28,0,0,0,0,0,0,0,0,0,0,0,0,0,0,0,0,0,0,0,0,0,0,0,0,0,0,0,0,4
183,67,6,0,0,0,0,0,0,0,0,0,0,0,0,0,0,0,0,0,0,0,0,0,0,0,0,0,0,0,0,4
217,22,17,0,0,0,0,0,0,0,0,0,0,0,0,0,0,0,0,0,0,0,0,0,0,0,0,0,0,0,0,4
209,2,45,0,0,0,0,0,0,0,0,0,0,0,0,0,0,0,0,0,0,0,0,0,0,0,0,0,0,0,0,4
145,37,74,0,0,0,0,0,0,0,0,0,0,0,0,0,0,0,0,0,0,0,0,0,0,0,0,0,0,0,0,4
157,38,61,0,0,0,0,0,0,0,0,0,0,0,0,0,0,0,0,0,0,0,0,0,0,0,0,0,0,0,0,4
26,30,200,0,0,0,0,0,0,0,0,0,0,0,0,0,0,0,0,0,0,0,0,0,0,0,0,0,0,0,0,4
217,16,23,0,0,0,0,0,0,0,0,0,0,0,0,0,0,0,0,0,0,0,0,0,0,0,0,0,0,0,0,4
5,71,180,0,0,0,0,0,0,0,0,0,0,0,0,0,0,0,0,0,0,0,0,0,0,0,0,0,0,0,0,4
48,171,37,0,0,0,0,0,0,0,0,0,0,0,0,0,0,0,0,0,0,0,0,0,0,0,0,0,0,0,0,4
53,113,90,0,0,0,0,0,0,0,0,0,0,0,0,0,0,0,0,0,0,0,0,0,0,0,0,0,0,0,0,4
113,127,16,0,0,0,0,0,0,0,0,0,0,0,0,0,0,0,0,0,0,0,0,0,0,0,0,0,0,0,0,4
92,30,134,0,0,0,0,0,0,0,0,0,0,0,0,0,0,0,0,0,0,0,0,0,0,0,0,0,0,0,0,4
115,104,37,0,0,0,0,0,0,0,0,0,0,0,0,0,0,0,0,0,0,0,0,0,0,0,0,0,0,0,0,4
57,137,62,0,0,0,0,0,0,0,0,0,0,0,0,0,0,0,0,0,0,0,0,0,0,0,0,0,0,0,0,4
71,160,25,0,0,0,0,0,0,0,0,0,0,0,0,0,0,0,0,0,0,0,0,0,0,0,0,0,0,0,0,4
41,50,165,0,0,0,0,0,0,0,0,0,0,0,0,0,0,0,0,0,0,0,0,0,0,0,0,0,0,0,0,4
228,27,1,0,0,0,0,0,0,0,0,0,0,0,0,0,0,0,0,0,0,0,0,0,0,0,0,0,0,0,0,4
3,89,164,0,0,0,0,0,0,0,0,0,0,0,0,0,0,0,0,0,0,0,0,0,0,0,0,0,0,0,0,4
16,106,134,0,0,0,0,0,0,0,0,0,0,0,0,0,0,0,0,0,0,0,0,0,0,0,0,0,0,0,0,4
194,20,42,0,0,0,0,0,0,0,0,0,0,0,0,0,0,0,0,0,0,0,0,0,0,0,0,0,0,0,0,4
90,23,143,0,0,0,0,0,0,0,0,0,0,0,0,0,0,0,0,0,0,0,0,0,0,0,0,0,0,0,0,4
108,21,127,0,0,0,0,0,0,0,0,0,0,0,0,0,0,0,0,0,0,0,0,0,0,0,0,0,0,0,0,4
81,70,105,0,0,0,0,0,0,0,0,0,0,0,0,0,0,0,0,0,0,0,0,0,0,0,0,0,0,0,0,4
139,29,88,0,0,0,0,0,0,0,0,0,0,0,0,0,0,0,0,0,0,0,0,0,0,0,0,0,0,0,0,4
24,49,183,0,0,0,0,0,0,0,0,0,0,0,0,0,0,0,0,0,0,0,0,0,0,0,0,0,0,0,0,4
205,17,34,0,0,0,0,0,0,0,0,0,0,0,0,0,0,0,0,0,0,0,0,0,0,0,0,0,0,0,0,4
154,55,47,0,0,0,0,0,0,0,0,0,0,0,0,0,0,0,0,0,0,0,0,0,0,0,0,0,0,0,0,4
185,64,7,0,0,0,0,0,0,0,0,0,0,0,0,0,0,0,0,0,0,0,0,0,0,0,0,0,0,0,0,4
27,214,15,0,0,0,0,0,0,0,0,0,0,0,0,0,0,0,0,0,0,0,0,0,0,0,0,0,0,0,0,4
33,4,219,0,0,0,0,0,0,0,0,0,0,0,0,0,0,0,0,0,0,0,0,0,0,0,0,0,0,0,0,4
98,107,51,0,0,0,0,0,0,0,0,0,0,0,0,0,0,0,0,0,0,0,0,0,0,0,0,0,0,0,0,4
44,168,44,0,0,0,0,0,0,0,0,0,0,0,0,0,0,0,0,0,0,0,0,0,0,0,0,0,0,0,0,4
119,111,26,0,0,0,0,0,0,0,0,0,0,0,0,0,0,0,0,0,0,0,0,0,0,0,0,0,0,0,0,4
41,157,58,0,0,0,0,0,0,0,0,0,0,0,0,0,0,0,0,0,0,0,0,0,0,0,0,0,0,0,0,4
64,75,117,0,0,0,0,0,0,0,0,0,0,0,0,0,0,0,0,0,0,0,0,0,0,0,0,0,0,0,0,4
34,45,177,0,0,0,0,0,0,0,0,0,0,0,0,0,0,0,0,0,0,0,0,0,0,0,0,0,0,0,0,4
148,12,96,0,0,0,0,0,0,0,0,0,0,0,0,0,0,0,0,0,0,0,0,0,0,0,0,0,0,0,0,4
91,129,36,0,0,0,0,0,0,0,0,0,0,0,0,0,0,0,0,0,0,0,0,0,0,0,0,0,0,0,0,4
10,50,196,0,0,0,0,0,0,0,0,0,0,0,0,0,0,0,0,0,0,0,0,0,0,0,0,0,0,0,0,4
43,107,106,0,0,0,0,0,0,0,0,0,0,0,0,0,0,0,0,0,0,0,0,0,0,0,0,0,0,0,0,4
125,111,20,0,0,0,0,0,0,0,0,0,0,0,0,0,0,0,0,0,0,0,0,0,0,0,0,0,0,0,0,4
0,0,0,0,0,0,0,0,0,0,0,0,0,0,0,0,0,0,0,0,0,0,0,0,0,0,0,0,49,20,187,3
0,0,0,0,0,0,0,0,0,0,0,0,0,0,0,0,0,0,0,0,0,0,0,0,0,0,0,0,18,53,185,3
0,0,0,0,0,0,0,0,0,0,0,0,0,0,0,0,0,0,0,0,0,0,0,0,0,0,0,0,18,83,155,3
0,0,0,0,0,0,0,0,0,0,0,0,0,0,0,0,0,0,0,0,0,0,0,0,0,0,0,0,90,104,62,3
0,0,0,0,0,0,0,0,0,0,0,0,0,0,0,0,0,0,0,0,0,0,0,0,0,0,0,0,95,17,144,3
0,0,0,0,0,0,0,0,0,0,0,0,0,0,0,0,0,0,0,0,0,0,0,0,0,0,0,0,18,107,131,3
0,0,0,0,0,0,0,0,0,0,0,0,0,0,0,0,0,0,0,0,0,0,0,0,0,0,0,0,37,58,161,3
0,0,0,0,0,0,0,0,0,0,0,0,0,0,0,0,0,0,0,0,0,0,0,0,0,0,0,0,70,15,171,3
0,0,0,0,0,0,0,0,0,0,0,0,0,0,0,0,0,0,0,0,0,0,0,0,0,0,0,0,0,101,155,3
0,0,0,0,0,0,0,0,0,0,0,0,0,0,0,0,0,0,0,0,0,0,0,0,0,0,0,0,70,19,167,3
0,0,0,0,0,0,0,0,0,0,0,0,0,0,0,0,0,0,0,0,0,0,0,0,0,0,0,0,80,53,123,3
0,0,0,0,0,0,0,0,0,0,0,0,0,0,0,0,0,0,0,0,0,0,0,0,0,0,0,0,95,98,63,3
0,0,0,0,0,0,0,0,0,0,0,0,0,0,0,0,0,0,0,0,0,0,0,0,0,0,0,0,22,136,98,3
0,0,0,0,0,0,0,0,0,0,0,0,0,0,0,0,0,0,0,0,0,0,0,0,0,0,0,0,52,18,186,3
0,0,0,0,0,0,0,0,0,0,0,0,0,0,0,0,0,0,0,0,0,0,0,0,0,0,0,0,89,21,146,3
0,0,0,0,0,0,0,0,0,0,0,0,0,0,0,0,0,0,0,0,0,0,0,0,0,0,0,0,5,131,120,3
0,0,0,0,0,0,0,0,0,0,0,0,0,0,0,0,0,0,0,0,0,0,0,0,0,0,0,0,95,76,85,3
0,0,0,0,0,0,0,0,0,0,0,0,0,0,0,0,0,0,0,0,0,0,0,0,0,0,0,0,38,94,124,3
0,0,0,0,0,0,0,0,0,0,0,0,0,0,0,0,0,0,0,0,0,0,0,0,0,0,0,0,60,20,176,3
0,0,0,0,0,0,0,0,0,0,0,0,0,0,0,0,0,0,0,0,0,0,0,0,0,0,0,0,80,3,173,3
0,0,0,0,0,0,0,0,0,0,0,0,0,0,0,0,0,0,0,0,0,0,0,0,0,0,0,0,43,111,102,3
0,0,0,0,0,0,0,0,0,0,0,0,0,0,0,0,0,0,0,0,0,0,0,0,0,0,0,0,19,48,189,3
0,0,0,0,0,0,0,0,0,0,0,0,0,0,0,0,0,0,0,0,0,0,0,0,0,0,0,0,42,3,211,3
0,0,0,0,0,0,0,0,0,0,0,0,0,0,0,0,0,0,0,0,0,0,0,0,0,0,0,0,30,106,120,3
0,0,0,0,0,0,0,0,0,0,0,0,0,0,0,0,0,0,0,0,0,0,0,0,0,0,0,0,85,135,36,3
0,0,0,0,0,0,0,0,0,0,0,0,0,0,0,0,0,0,0,0,0,0,0,0,0,0,0,0,42,37,177,3
0,0,0,0,0,0,0,0,0,0,0,0,0,0,0,0,0,0,0,0,0,0,0,0,0,0,0,0,60,100,96,3
0,0,0,0,0,0,0,0,0,0,0,0,0,0,0,0,0,0,0,0,0,0,0,0,0,0,0,0,43,130,83,3
0,0,0,0,0,0,0,0,0,0,0,0,0,0,0,0,0,0,0,0,0,0,0,0,0,0,0,0,86,71,99,3
0,0,0,0,0,0,0,0,0,0,0,0,0,0,0,0,0,0,0,0,0,0,0,0,0,0,0,0,84,136,36,3
0,0,0,0,0,0,0,0,0,0,0,0,0,0,0,0,0,0,0,0,0,0,0,0,0,0,0,0,74,14,168,3
0,0,0,0,0,0,0,0,0,0,0,0,0,0,0,0,0,0,0,0,0,0,0,0,0,0,0,0,94,85,77,3
0,0,0,0,0,0,0,0,0,0,0,0,0,0,0,0,0,0,0,0,0,0,0,0,0,0,0,0,29,11,216,3
0,0,0,0,0,0,0,0,0,0,0,0,0,0,0,0,0,0,0,0,0,0,0,0,0,0,0,0,19,78,159,3
0,0,0,0,0,0,0,0,0,0,0,0,0,0,0,0,0,0,0,0,0,0,0,0,0,0,0,0,18,2,236,3
0,0,0,0,0,0,0,0,0,0,0,0,0,0,0,0,0,0,0,0,0,0,0,0,0,0,0,0,78,107,71,3
0,0,0,0,0,0,0,0,0,0,0,0,0,0,0,0,0,0,0,0,0,0,0,0,0,0,0,0,30,103,123,3
0,0,0,0,0,0,0,0,0,0,0,0,0,0,0,0,0,0,0,0,0,0,0,0,0,0,0,0,81,29,146,3
0,0,0,0,0,0,0,0,0,0,0,0,0,0,0,0,0,0,0,0,0,0,0,0,0,0,0,0,57,133,66,3
0,0,0,0,0,0,0,0,0,0,0,0,0,0,0,0,0,0,0,0,0,0,0,0,0,0,0,0,58,137,61,3
0,0,0,0,0,0,0,0,0,0,0,0,0,0,0,0,0,0,0,0,0,0,0,0,0,0,0,0,32,139,85,3
0,0,0,0,0,0,0,0,0,0,0,0,0,0,0,0,0,0,0,0,0,0,0,0,0,0,0,0,64,55,137,3
0,0,0,0,0,0,0,0,0,0,0,0,0,0,0,0,0,0,0,0,0,0,0,0,0,0,0,0,21,85,150,3
0,0,0,0,0,0,0,0,0,0,0,0,0,0,0,0,0,0,0,0,0,0,0,0,0,0,0,0,83,20,153,3
0,0,0,0,0,0,0,0,0,0,0,0,0,0,0,0,0,0,0,0,0,0,0,0,0,0,0,0,50,119,87,3
0,0,0,0,0,0,0,0,0,0,0,0,0,0,0,0,0,0,0,0,0,0,0,0,0,0,0,0,51,31,174,3
0,0,0,0,0,0,0,0,0,0,0,0,0,0,0,0,0,0,0,0,0,0,0,0,0,0,0,0,95,11,150,3
0,0,0,0,0,0,0,0,0,0,0,0,0,0,0,0,0,0,0,0,0,0,0,0,0,0,0,0,7,145,104,3
0,0,0,0,0,0,0,0,0,0,0,0,0,0,0,0,0,0,0,0,0,0,0,0,0,0,0,0,64,101,91,3
0,0,0,0,0,0,0,0,0,0,0,0,0,0,0,0,0,0,0,0,0,0,0,0,0,0,0,0,35,77,144,3
0,0,0,0,0,0,0,0,0,0,0,0,0,0,0,0,0,0,0,0,0,0,0,0,0,0,0,0,77,127,52,3
0,0,0,0,0,0,0,0,0,0,0,0,0,0,0,0,0,0,0,0,0,0,0,0,0,0,0,0,16,10,230,3
0,0,0,0,0,0,0,0,0,0,0,0,0,0,0,0,0,0,0,0,0,0,0,0,0,0,0,0,60,89,107,3
0,0,0,0,0,0,0,0,0,0,0,0,0,0,0,0,0,0,0,0,0,0,0,0,0,0,0,0,62,63,131,3
0,0,0,0,0,0,0,0,0,0,0,0,0,0,0,0,0,0,0,0,0,0,0,0,0,0,0,0,25,139,92,3
0,0,0,0,0,0,0,0,0,0,0,0,0,0,0,0,0,0,0,0,0,0,0,0,0,0,0,0,83,48,125,3
0,0,0,0,0,0,0,0,0,0,0,0,0,0,0,0,0,0,0,0,0,0,0,0,0,0,0,0,51,41,164,3
0,0,0,0,0,0,0,0,0,0,0,0,0,0,0,0,0,0,0,0,0,0,0,0,0,0,0,0,87,19,150,3
0,0,0,0,0,0,0,0,0,0,0,0,0,0,0,0,0,0,0,0,0,0,0,0,0,0,0,0,92,111,53,3
0,0,0,0,0,0,0,0,0,0,0,0,0,0,0,0,0,0,0,0,0,0,0,0,0,0,0,0,2,138,116,3
0,0,0,0,0,0,0,0,0,0,0,0,0,0,0,0,0,0,0,0,0,0,0,0,0,0,0,0,16,24,216,3
0,0,0,0,0,0,0,0,0,0,0,0,0,0,0,0,0,0,0,0,0,0,0,0,0,0,0,0,25,144,87,3
0,0,0,0,0,0,0,0,0,0,0,0,0,0,0,0,0,0,0,0,0,0,0,0,0,0,0,0,46,139,71,3
0,0,0,0,0,0,0,0,0,0,0,0,0,0,0,0,0,0,0,0,0,0,0,0,0,0,0,0,76,111,69,3
0,0,0,0,0,0,0,0,0,0,0,0,0,0,0,0,0,0,0,0,0,0,0,0,0,0,0,0,5,26,225,3
0,0,0,0,0,0,0,0,0,0,0,0,0,0,0,0,0,0,0,0,0,0,0,0,0,0,0,0,58,73,125,3
0,0,0,0,0,0,0,0,0,0,0,0,0,0,0,0,0,0,0,0,0,0,0,0,0,0,0,0,65,111,80,3
0,0,0,0,0,0,0,0,0,0,0,0,0,0,0,0,0,0,0,0,0,0,0,0,0,0,0,0,79,62,115,3
0,0,0,0,0,0,0,0,0,0,0,0,0,0,0,0,0,0,0,0,0,0,0,0,0,0,0,0,49,97,110,3
0,0,0,0,0,0,0,0,0,0,0,0,0,0,0,0,0,0,0,0,0,0,0,0,0,0,0,0,70,96,90,3
0,0,0,0,4,2,3,13,15,9,17,15,14,16,17,16,14,14,11,13,11,8,17,4,5,5,1,0,0,5,7,1
0,5,0,4,1,0,8,18,15,18,16,17,16,13,11,13,16,8,17,8,12,17,9,3,3,0,0,0,1,7,0,1
7,2,4,1,3,5,4,13,13,12,18,9,9,13,14,14,10,15,16,12,10,11,11,8,5,9,2,2,1,1,2,1
7,0,0,5,0,8,4,16,14,9,12,10,14,17,14,17,9,17,13,16,17,12,11,0,0,7,1,0,3,0,3,1
2,3,0,6,2,7,6,14,9,13,13,12,13,8,11,16,10,9,13,14,16,15,9,7,7,6,1,5,3,3,3,1
0,1,6,1,3,2,4,13,16,17,12,17,12,14,10,17,15,10,11,17,13,10,18,0,5,2,2,6,2,0,0,1
7,0,2,6,2,0,8,9,17,10,16,13,18,12,9,9,15,9,14,11,12,14,9,0,6,7,4,6,4,0,7,1
1,2,0,6,0,0,5,16,15,17,11,15,15,13,13,14,8,15,13,17,9,14,18,3,4,7,0,2,0,0,3,1
0,5,1,6,4,5,6,12,16,13,12,14,15,13,9,12,12,8,16,14,8,15,13,7,3,0,6,0,0,6,5,1
3,5,0,7,6,0,1,17,13,9,11,14,14,13,10,11,12,15,15,16,9,16,10,7,5,7,0,7,0,3,0,1
6,6,8,0,4,0,6,16,10,17,10,12,11,13,13,10,11,14,13,14,8,10,17,6,3,3,3,3,4,5,0,1
6,4,6,2,4,7,7,16,11,14,11,11,13,9,14,9,9,10,15,14,14,10,9,4,3,0,7,3,5,4,5,1
1,6,5,3,2,5,0,14,12,12,17,14,12,16,17,14,17,9,16,17,8,9,10,7,0,4,1,0,0,1,7,1
5,7,2,8,0,0,3,11,16,16,10,10,10,14,12,13,12,10,11,10,10,17,16,4,6,0,7,2,6,5,3,1
6,6,6,6,0,4,1,14,11,12,16,15,11,15,9,11,10,13,18,10,11,14,9,3,0,3,5,2,8,5,2,1
2,5,0,7,0,4,5,16,7,16,13,15,13,8,13,15,14,14,16,13,10,15,13,1,2,2,0,6,6,5,0,1
1,4,6,4,2,8,0,14,9,13,18,9,10,17,17,14,12,14,9,11,14,12,17,0,0,2,5,3,4,6,1,1
3,4,2,4,0,2,3,17,13,12,16,8,8,12,17,16,8,14,17,12,18,10,9,7,8,0,3,3,3,7,0,1
0,6,3,2,6,1,4,10,13,15,11,17,16,12,17,11,15,17,15,15,12,14,14,2,1,0,1,4,2,0,0,1
6,0,1,1,0,8,6,14,13,10,13,18,11,18,17,15,9,13,14,12,12,9,10,1,4,0,6,6,0,8,1,1
3,2,3,0,0,8,3,13,18,18,9,11,11,9,15,13,12,17,16,14,17,13,11,0,0,3,4,1,5,3,4,1
0,1,3,3,2,8,0,9,9,17,12,17,15,11,9,9,12,10,18,11,18,16,15,1,0,8,0,6,8,7,1,1
3,2,1,0,2,6,7,7,13,8,11,15,11,14,17,17,16,16,11,17,7,17,15,6,1,5,1,4,0,6,0,1
0,2,2,6,0,3,2,10,10,8,17,10,10,9,17,17,10,15,11,17,15,12,17,5,2,6,3,6,6,5,3,1
1,4,3,8,3,5,0,11,14,17,11,14,13,11,11,8,11,8,12,14,11,17,9,1,5,4,8,7,4,7,4,1
0,7,3,5,5,3,1,15,17,11,13,17,8,17,15,13,11,15,9,13,17,10,14,0,2,4,3,6,0,0,2,1
6,1,6,1,3,7,1,12,12,15,12,9,10,9,16,18,15,10,13,10,14,17,16,5,0,2,1,4,7,3,1,1
0,0,5,5,6,6,7,14,12,15,16,10,17,17,10,14,17,9,16,10,9,8,13,6,0,1,6,1,0,0,6,1
3,0,0,8,5,2,0,11,9,15,17,15,12,14,15,9,16,18,10,14,12,12,16,8,5,3,2,5,0,0,0,1
8,2,4,0,1,0,1,13,9,14,15,16,14,14,10,15,14,8,9,16,18,10,12,4,4,1,4,5,6,8,1,1
7,2,3,1,4,0,6,10,10,9,14,10,16,14,14,18,11,16,16,11,11,16,9,7,3,1,5,8,0,0,4,1
0,0,5,4,0,0,7,11,11,15,16,13,12,16,17,13,12,11,8,15,17,17,8,0,5,0,0,7,5,7,4,1
6,1,0,0,5,5,4,15,11,12,17,14,14,15,14,10,12,12,13,9,18,12,11,7,1,1,0,8,0,4,5,1
2,7,2,0,7,6,2,12,15,13,16,15,17,11,8,12,10,11,10,9,17,13,9,6,2,4,5,6,3,0,6,1
1,6,0,4,6,0,0,18,12,14,11,8,11,13,17,15,16,11,18,17,12,8,18,3,0,0,4,6,0,5,2,1
8,0,3,0,8,0,0,9,17,10,16,12,15,16,14,15,17,15,13,12,17,11,13,0,4,0,8,2,0,1,0,1
3,0,6,5,0,2,2,11,11,17,11,8,13,12,18,11,14,17,14,12,13,16,10,4,0,6,5,4,7,4,0,1
7,4,5,1,6,5,0,13,13,14,8,12,12,15,14,15,12,14,11,17,13,10,12,0,0,1,1,7,7,5,2,1
0,4,5,0,4,0,0,18,16,17,15,9,9,12,17,11,11,18,9,10,10,14,9,7,6,7,1,6,7,4,0,1
3,8,0,0,7,7,3,15,13,12,15,16,9,15,12,9,14,10,13,12,13,15,11,2,2,5,1,6,4,2,2,1
4,0,6,5,8,0,4,8,14,16,8,11,11,11,17,16,11,13,11,17,14,15,16,4,5,0,3,1,0,6,1,1
7,0,4,1,4,3,7,13,8,14,9,13,9,17,12,16,16,8,10,15,8,17,17,0,0,7,3,6,1,4,7,1
7,1,5,5,0,0,3,16,12,11,11,13,11,17,15,13,12,9,11,14,17,9,15,5,7,7,5,0,5,0,0,1
4,0,1,2,8,0,1,17,15,13,15,12,9,15,16,15,14,12,18,13,10,11,14,7,2,1,1,0,2,1,7,1
3,0,3,1,8,0,7,12,13,12,17,9,16,17,14,10,14,17,8,18,14,8,13,7,0,7,4,1,0,3,0,1
3,2,6,3,6,0,0,16,10,10,14,16,9,12,9,12,10,10,18,10,13,18,18,2,5,6,2,6,3,7,0,1
6,0,3,2,0,0,7,15,14,9,13,15,12,13,15,10,17,18,18,11,12,10,10,2,6,7,0,7,0,0,4,1
4,3,6,0,4,0,4,17,13,13,10,12,10,11,9,16,12,16,17,8,9,10,14,3,0,6,6,7,4,6,6,1
7,1,0,0,8,1,8,14,18,13,11,11,9,13,15,15,11,18,9,14,16,15,14,0,0,8,2,3,1,1,0,1
0,3,0,1,6,1,0,11,11,15,12,15,9,15,16,16,13,15,8,16,15,8,14,4,4,5,6,2,8,5,2,1
0,0,0,0,6,3,1,15,14,17,11,10,10,14,18,15,13,11,19,9,15,16,16,0,3,3,1,7,3,4,2,1
0,0,0,6,1,5,0,17,14,16,9,15,16,14,15,11,16,16,8,15,10,13,17,0,4,0,2,3,5,7,1,1
3,2,5,0,5,7,0,15,14,11,8,17,16,11,12,17,16,11,16,11,12,12,16,4,4,0,1,5,0,1,4,1
6,0,4,2,3,0,5,16,10,11,17,17,17,15,17,11,8,13,13,12,14,9,14,1,7,6,3,0,0,5,0,1
2,1,7,0,1,2,0,14,8,17,11,14,13,17,17,11,16,14,15,10,10,17,17,7,2,6,1,0,0,4,2,1
5,7,7,2,0,5,6,12,14,10,18,10,14,18,15,13,12,11,16,8,15,13,13,0,5,0,0,5,0,0,2,1
2,1,5,4,8,4,0,14,8,13,13,9,10,10,15,14,9,17,11,13,12,11,10,5,8,6,1,5,6,4,8,1
0,6,3,6,3,5,5,17,15,12,8,9,10,16,13,13,10,13,10,13,16,17,11,4,8,1,0,8,0,3,1,1
4,6,0,3,1,6,8,14,10,10,11,11,14,12,17,15,9,13,18,12,13,17,10,4,1,4,2,0,7,4,0,1
4,0,1,2,3,6,1,9,18,14,16,11,13,9,17,11,9,16,10,8,17,16,9,7,0,0,4,5,7,7,6,1
1,3,8,2,4,2,0,12,14,16,13,14,12,18,16,13,16,15,9,11,15,11,12,2,4,2,1,0,0,7,3,1
5,3,1,6,8,7,5,16,10,15,10,13,11,9,15,10,15,10,11,9,15,12,13,4,2,5,6,3,1,0,6,1
0,3,4,3,4,0,1,16,9,14,11,18,17,14,10,14,9,12,18,9,15,17,9,6,0,3,5,0,7,4,4,1
7,0,3,4,4,6,1,10,16,8,8,16,13,7,15,14,13,14,13,17,10,8,12,5,6,5,6,4,6,5,0,1
8,1,5,0,3,2,6,16,12,13,16,16,17,13,17,15,10,11,10,14,14,9,16,0,0,2,0,3,4,0,3,1
5,4,0,7,1,4,0,13,10,16,18,14,14,17,10,14,10,14,17,16,13,13,10,3,4,3,1,1,3,0,1,1
0,0,5,7,0,1,3,14,14,12,10,17,10,16,17,16,16,10,13,14,12,15,14,4,0,4,0,5,5,0,2,1
0,0,2,4,5,7,2,17,17,11,18,16,9,12,9,8,11,14,16,18,14,8,13,8,0,5,0,0,5,5,2,1
1,0,4,6,4,2,7,16,10,11,13,15,11,9,13,8,11,15,16,14,9,17,14,0,1,7,7,2,4,5,4,1
0,4,6,4,0,2,2,17,17,11,8,15,12,10,9,14,10,17,8,17,15,16,14,2,0,4,3,4,3,7,5,1
0,1,0,229,15,0,1,0,1,0,0,1,1,0,0,1,1,0,0,0,0,0,0,1,0,0,1,1,0,1,1,0
0,0,1,172,67,1,1,0,1,0,1,1,0,1,0,1,1,1,1,1,0,0,0,1,0,0,1,0,1,1,1,0
1,0,1,69,174,1,1,1,0,0,0,0,0,1,0,0,0,0,1,1,0,1,0,0,0,0,1,1,0,1,1,0
0,1,0,236,5,1,0,0,1,0,0,1,1,1,1,0,0,0,1,1,1,0,0,1,1,1,0,1,1,0,0,0
1,1,1,146,94,0,1,0,0,0,1,1,0,1,0,0,1,0,0,0,1,0,0,1,1,1,1,1,0,1,1,0
0,0,1,132,112,0,0,1,1,0,1,0,1,0,1,1,1,0,0,0,0,0,1,1,0,1,0,0,1,0,0,0
1,0,1,216,28,0,0,0,0,0,0,1,1,1,1,0,0,0,1,0,0,0,1,0,0,1,0,1,1,1,0,0
1,0,0,165,80,0,1,1,0,0,0,1,0,0,0,1,1,1,0,0,0,1,0,1,1,0,1,0,0,0,0,0
0,0,0,168,73,1,1,1,0,0,1,0,1,0,1,1,0,0,1,1,0,1,1,1,0,0,1,1,0,1,0,0
1,1,1,26,213,0,0,0,1,0,0,1,1,0,1,1,1,1,1,0,1,1,1,1,0,0,1,0,1,0,0,0
0,0,1,195,46,0,0,0,1,0,0,1,0,1,1,1,0,1,0,1,0,1,0,1,1,0,0,1,1,1,1,0
1,0,0,193,51,0,1,0,0,1,0,1,0,0,1,0,0,0,1,1,1,0,0,1,1,0,0,1,1,0,0,0
1,1,0,120,120,1,0,1,1,1,0,1,0,1,1,1,1,1,0,0,0,1,0,1,0,0,1,1,0,0,0,0
0,1,0,8,232,1,0,1,0,0,0,0,1,1,0,1,0,0,1,1,0,1,1,1,0,0,1,1,1,1,1,0
0,1,1,201,38,0,1,0,1,1,1,1,0,0,1,0,0,1,1,0,1,1,1,1,0,0,1,0,0,1,1,0
1,1,1,36,203,0,1,0,0,0,1,1,1,1,0,1,0,1,0,1,0,1,1,1,0,0,0,1,1,1,0,0
0,0,1,190,54,1,0,0,1,1,0,0,0,0,0,0,1,1,0,0,0,1,0,1,1,1,0,0,1,0,1,0
0,0,1,69,173,0,1,0,1,0,0,0,1,1,0,1,1,0,1,1,0,0,1,1,0,0,0,0,1,1,1,0
0,1,0,75,164,1,1,0,0,0,1,1,0,1,1,1,1,1,0,0,0,1,1,1,0,1,1,1,0,0,1,0
0,1,1,98,143,0,1,0,0,1,0,0,0,1,0,0,1,0,1,1,1,0,1,1,0,1,0,1,0,1,1,0
1,0,0,222,18,1,0,1,0,0,1,0,1,1,0,1,1,0,0,0,1,0,1,1,1,1,1,0,0,1,1,0
0,0,1,14,230,1,0,0,0,0,0,0,0,0,1,1,0,1,0,1,1,1,1,0,0,1,0,0,1,0,1,0
1,1,0,95,146,0,1,1,1,1,0,0,1,0,0,0,1,0,1,0,0,1,0,1,0,0,1,1,1,0,1,0
0,0,1,34,209,1,0,1,0,0,0,0,0,0,1,1,0,1,1,0,1,1,1,0,0,1,0,0,1,1,0,0
1,0,0,235,12,0,1,1,0,0,0,0,0,0,0,0,0,0,1,0,0,0,1,0,1,0,0,1,0,1,1,0
1,1,1,44,199,0,0,1,1,1,0,0,1,0,1,0,0,0,0,1,0,0,0,0,0,1,1,1,0,0,1,0
0,0,1,190,51,0,0,1,1,1,1,1,1,0,0,0,0,1,0,0,0,1,1,1,1,1,1,0,0,1,0,0
1,0,0,223,18,1,1,1,0,0,1,1,0,0,1,1,1,1,0,0,0,1,1,1,0,1,0,0,1,0,0,0
1,0,0,211,31,0,1,1,1,0,1,0,0,1,1,0,0,1,0,0,0,1,0,0,1,1,1,0,1,1,0,0
0,0,0,150,96,0,1,0,1,1,1,0,0,0,1,0,0,0,0,1,1,0,0,1,1,1,0,0,0,0,0,0
0,0,1,119,120,0,1,0,0,1,1,0,0,0,0,1,1,1,0,1,0,1,1,1,1,0,1,1,1,1,1,0
0,0,0,220,24,1,1,0,0,1,0,1,1,0,1,0,0,0,0,0,1,1,0,1,1,0,1,0,1,0,0,0
1,1,0,221,20,1,1,0,0,1,1,0,0,1,0,0,1,1,0,1,1,1,0,0,1,1,0,0,1,0,0,0
1,0,0,133,109,0,1,1,1,0,0,0,0,0,0,0,1,0,1,1,0,1,0,0,1,1,1,1,1,0,1,0
0,0,1,240,1,1,1,1,0,0,1,0,1,0,0,0,1,0,1,0,0,1,1,1,0,1,0,0,1,1,1,0
0,0,0,104,139,0,1,1,0,0,1,0,0,1,0,0,1,0,0,0,1,0,1,0,1,1,1,1,0,1,1,0
1,0,0,178,68,0,1,0,1,1,1,1,1,0,0,0,1,0,0,0,0,0,0,0,1,1,0,0,0,0,0,0
1,1,0,206,37,1,1,1,0,0,1,1,0,0,0,1,0,0,1,0,0,0,0,0,0,1,0,1,1,0,1,0
0,0,1,34,211,1,0,0,1,0,1,1,1,1,0,0,0,0,1,0,1,0,0,0,0,0,1,1,0,0,0,0
0,0,1,35,205,1,1,1,0,1,0,1,0,1,1,0,1,1,1,1,0,0,0,1,1,1,0,0,0,1,0,0
0,0,0,79,165,0,0,1,0,1,0,1,1,0,0,1,0,0,1,1,1,0,0,0,1,1,1,0,1,0,0,0
1,1,0,156,85,1,0,0,1,1,1,0,0,0,1,0,1,1,1,1,0,0,0,1,1,0,0,1,0,0,1,0
1,0,1,92,151,0,0,1,1,0,0,0,0,1,0,0,0,1,0,0,1,1,1,0,0,1,1,0,1,0,1,0
0,1,1,69,171,1,0,1,0,1,0,1,1,1,1,0,0,1,0,1,1,1,0,0,1,1,1,0,0,0,0,0
1,1,1,130,109,0,1,1,1,0,0,0,1,0,0,1,0,0,1,1,1,0,1,0,1,1,1,1,0,0,1,0
1,0,0,173,72,0,0,0,0,1,0,0,1,1,0,1,1,0,0,0,0,1,1,1,0,1,0,0,0,0,1,0
0,1,0,221,26,1,0,1,1,1,0,1,0,0,0,0,1,0,0,0,1,0,0,0,0,1,0,0,0,0,0,0
0,1,0,153,84,1,0,1,1,1,0,0,0,1,1,1,1,1,0,0,1,1,1,1,1,1,0,0,1,1,1,0
0,1,0,137,103,1,1,0,1,1,1,0,1,0,1,0,1,1,1,0,1,1,0,1,0,0,0,1,1,0,0,0
0,1,0,184,58,1,0,1,1,0,0,0,1,0,1,0,1,0,1,1,1,1,1,0,0,0,0,0,1,1,0,0
1,1,0,189,53,0,1,1,0,0,0,1,0,0,1,0,0,1,0,1,0,0,0,1,1,1,1,0,0,1,1,0
1,0,0,81,160,1,1,1,1,1,1,1,1,0,0,1,0,1,0,0,0,0,0,1,1,1,0,0,1,0,0,0
0,0,1,198,45,1,0,1,0,0,1,1,0,0,0,1,1,1,1,1,0,1,0,0,0,0,1,0,0,1,0,0
0,0,1,101,138,1,1,1,1,1,1,1,0,1,1,1,0,1,0,1,1,1,0,0,0,0,1,1,0,0,0,0
1,1,1,171,69,0,0,0,1,1,1,1,1,0,0,1,1,1,1,1,0,0,0,0,0,0,1,1,0,1,0,0
0,0,1,101,142,0,1,1,0,0,0,1,0,1,1,0,0,0,0,0,0,0,1,1,1,0,0,1,1,1,1,0
0,1,0,32,208,1,0,0,0,1,0,1,0,0,1,1,1,1,1,0,1,1,0,1,1,0,0,1,1,0,1,0
1,1,0,109,132,0,1,1,1,0,0,0,1,1,1,1,0,1,0,0,0,0,0,1,1,0,1,1,0,1,0,0
1,1,0,212,32,0,0,1,0,1,0,1,0,0,0,1,0,1,0,1,1,1,1,0,1,0,0,0,0,0,0,0
0,0,0,138,103,1,1,1,1,1,1,1,0,0,1,0,1,0,0,0,1,0,1,1,0,0,1,1,0,0,1,0
1,0,1,225,14,1,1,1,1,1,1,1,1,1,1,0,0,0,1,0,1,0,1,0,0,0,0,0,1,1,0,0
1,0,0,108,131,1,0,1,0,1,1,0,1,0,1,0,1,1,0,1,1,1,1,0,0,1,0,1,0,1,1,0
1,1,0,36,209,0,1,1,1,0,1,1,0,0,0,0,0,0,0,1,0,1,0,0,1,0,1,0,0,0,0,0
1,1,0,25,215,1,1,0,0,0,1,1,1,0,1,0,0,0,1,0,0,1,1,1,1,0,0,1,1,0,1,0
1,1,0,81,160,1,1,0,0,0,1,0,1,0,0,1,1,0,1,0,0,0,1,1,1,1,0,0,1,1,0,0
0,1,1,221,20,0,0,1,1,0,1,0,0,0,1,1,0,1,1,0,0,0,1,1,1,1,0,0,1,1,0,0
0,0,0,133,111,0,0,1,1,1,0,0,0,0,1,0,0,0,1,1,1,1,1,0,1,1,0,1,0,0,0,0
1,1,1,69,169,1,0,0,1,1,1,0,1,1,0,1,1,0,1,0,1,0,1,0,1,0,1,0,0,1,1,0
0,0,1,157,89,0,0,0,0,0,0,0,0,0,1,1,0,1,0,1,0,1,0,0,1,1,0,1,0,0,1,0
0,1,1,75,170,0,0,0,1,0,0,0,0,0,0,1,1,0,1,1,0,1,1,0,0,1,0,0,1,0,0,0
0,0,0,0,0,0,0,0,0,0,0,0,0,0,0,0,0,0,0,0,49,5,5,1,0,0,8,9,6,7,166,2
0,0,0,0,0,0,0,0,0,0,0,0,0,0,0,0,0,0,0,0,79,21,6,2,3,7,5,5,2,10,116,2
0,0,0,0,0,0,0,0,0,0,0,0,0,0,0,0,0,0,0,0,76,29,7,0,0,4,3,7,8,21,101,2
0,0,0,0,0,0,0,0,0,0,0,0,0,0,0,0,0,0,0,0,69,36,5,8,10,3,5,1,4,4,111,2
0,0,0,0,0,0,0,0,0,0,0,0,0,0,0,0,0,0,0,0,90,16,6,6,6,7,7,5,9,40,64,2
0,0,0,0,0,0,0,0,0,0,0,0,0,0,0,0,0,0,0,0,8,7,0,3,9,9,0,4,6,6,204,2
0,0,0,0,0,0,0,0,0,0,0,0,0,0,0,0,0,0,0,0,93,14,0,3,9,9,1,10,4,14,99,2
0,0,0,0,0,0,0,0,0,0,0,0,0,0,0,0,0,0,0,0,59,38,4,2,2,4,8,4,2,5,128,2
0,0,0,0,0,0,0,0,0,0,0,0,0,0,0,0,0,0,0,0,19,25,8,5,1,6,8,1,2,7,174,2
0,0,0,0,0,0,0,0,0,0,0,0,0,0,0,0,0,0,0,0,42,25,2,8,0,7,8,6,3,20,135,2
0,0,0,0,0,0,0,0,0,0,0,0,0,0,0,0,0,0,0,0,38,11,10,9,3,10,10,2,4,25,134,2
0,0,0,0,0,0,0,0,0,0,0,0,0,0,0,0,0,0,0,0,26,9,9,8,4,2,1,0,8,29,160,2
0,0,0,0,0,0,0,0,0,0,0,0,0,0,0,0,0,0,0,0,56,36,3,4,3,3,7,6,1,38,99,2
0,0,0,0,0,0,0,0,0,0,0,0,0,0,0,0,0,0,0,0,4,36,3,10,9,3,5,0,2,31,153,2
0,0,0,0,0,0,0,0,0,0,0,0,0,0,0,0,0,0,0,0,3,32,8,0,2,8,0,3,6,34,160,2
0,0,0,0,0,0,0,0,0,0,0,0,0,0,0,0,0,0,0,0,7,39,8,0,2,6,10,6,10,5,163,2
0,0,0,0,0,0,0,0,0,0,0,0,0,0,0,0,0,0,0,0,89,12,8,10,6,6,0,4,5,28,88,2
0,0,0,0,0,0,0,0,0,0,0,0,0,0,0,0,0,0,0,0,61,26,7,3,9,6,8,6,8,6,116,2
0,0,0,0,0,0,0,0,0,0,0,0,0,0,0,0,0,0,0,0,8,39,7,0,8,6,9,7,7,16,149,2
0,0,0,0,0,0,0,0,0,0,0,0,0,0,0,0,0,0,0,0,63,21,0,8,5,0,4,0,4,6,145,2
0,0,0,0,0,0,0,0,0,0,0,0,0,0,0,0,0,0,0,0,90,2,8,0,2,10,8,3,7,36,90,2
0,0,0,0,0,0,0,0,0,0,0,0,0,0,0,0,0,0,0,0,85,26,5,2,10,3,1,2,8,19,95,2
0,0,0,0,0,0,0,0,0,0,0,0,0,0,0,0,0,0,0,0,90,22,1,5,8,8,3,7,8,22,82,2
0,0,0,0,0,0,0,0,0,0,0,0,0,0,0,0,0,0,0,0,82,28,8,8,4,3,1,4,10,16,92,2
0,0,0,0,0,0,0,0,0,0,0,0,0,0,0,0,0,0,0,0,44,7,1,6,9,3,2,10,8,31,135,2
0,0,0,0,0,0,0,0,0,0,0,0,0,0,0,0,0,0,0,0,3,40,3,5,7,3,3,2,8,40,142,2
0,0,0,0,0,0,0,0,0,0,0,0,0,0,0,0,0,0,0,0,17,33,4,0,7,9,8,3,2,19,154,2
0,0,0,0,0,0,0,0,0,0,0,0,0,0,0,0,0,0,0,0,75,8,4,0,6,9,9,4,7,32,102,2
0,0,0,0,0,0,0,0,0,0,0,0,0,0,0,0,0,0,0,0,52,33,0,10,6,9,3,4,10,7,122,2
0,0,0,0,0,0,0,0,0,0,0,0,0,0,0,0,0,0,0,0,41,21,9,7,9,7,5,1,1,27,128,2
0,0,0,0,0,0,0,0,0,0,0,0,0,0,0,0,0,0,0,0,71,2,6,0,5,6,9,5,4,23,125,2
0,0,0,0,0,0,0,0,0,0,0,0,0,0,0,0,0,0,0,0,59,17,1,4,6,0,6,7,8,40,108,2
0,0,0,0,0,0,0,0,0,0,0,0,0,0,0,0,0,0,0,0,90,1,10,2,3,7,3,3,1,23,113,2
0,0,0,0,0,0,0,0,0,0,0,0,0,0,0,0,0,0,0,0,94,15,6,8,3,2,1,1,7,12,107,2
0,0,0,0,0,0,0,0,0,0,0,0,0,0,0,0,0,0,0,0,53,29,8,9,7,1,4,0,7,39,99,2
0,0,0,0,0,0,0,0,0,0,0,0,0,0,0,0,0,0,0,0,41,15,3,1,5,2,3,9,8,14,155,2
0,0,0,0,0,0,0,0,0,0,0,0,0,0,0,0,0,0,0,0,92,7,0,1,1,4,5,5,5,3,133,2
0,0,0,0,0,0,0,0,0,0,0,0,0,0,0,0,0,0,0,0,20,13,5,7,5,8,2,8,6,6,176,2
0,0,0,0,0,0,0,0,0,0,0,0,0,0,0,0,0,0,0,0,36,0,3,5,9,10,8,1,6,22,156,2
0,0,0,0,0,0,0,0,0,0,0,0,0,0,0,0,0,0,0,0,89,23,3,0,4,4,10,4,6,11,102,2
0,0,0,0,0,0,0,0,0,0,0,0,0,0,0,0,0,0,0,0,96,34,1,3,9,0,6,9,1,8,89,2
0,0,0,0,0,0,0,0,0,0,0,0,0,0,0,0,0,0,0,0,58,31,8,10,10,10,4,7,0,39,79,2
0,0,0,0,0,0,0,0,0,0,0,0,0,0,0,0,0,0,0,0,81,20,0,0,0,5,3,9,1,27,110,2
0,0,0,0,0,0,0,0,0,0,0,0,0,0,0,0,0,0,0,0,22,7,10,7,3,6,8,5,4,29,155,2
0,0,0,0,0,0,0,0,0,0,0,0,0,0,0,0,0,0,0,0,62,7,7,5,9,6,4,0,10,37,109,2
0,0,0,0,0,0,0,0,0,0,0,0,0,0,0,0,0,0,0,0,85,6,9,7,6,9,4,2,5,28,95,2
0,0,0,0,0,0,0,0,0,0,0,0,0,0,0,0,0,0,0,0,56,3,6,0,10,8,3,3,3,30,134,2
0,0,0,0,0,0,0,0,0,0,0,0,0,0,0,0,0,0,0,0,94,28,4,7,2,4,1,3,9,0,104,2
0,0,0,0,0,0,0,0,0,0,0,0,0,0,0,0,0,0,0,0,39,40,1,6,8,10,6,7,6,6,127,2
0,0,0,0,0,0,0,0,0,0,0,0,0,0,0,0,0,0,0,0,5,27,10,7,3,1,2,4,8,31,158,2
0,0,0,0,0,0,0,0,0,0,0,0,0,0,0,0,0,0,0,0,29,30,8,1,0,9,5,7,3,13,151,2
0,0,0,0,0,0,0,0,0,0,0,0,0,0,0,0,0,0,0,0,40,39,10,7,0,4,7,0,10,22,117,2
0,0,0,0,0,0,0,0,0,0,0,0,0,0,0,0,0,0,0,0,1,11,4,5,4,10,8,5,5,34,169,2
0,0,0,0,0,0,0,0,0,0,0,0,0,0,0,0,0,0,0,0,0,10,10,2,7,6,0,2,6,1,212,2
0,0,0,0,0,0,0,0,0,0,0,0,0,0,0,0,0,0,0,0,87,15,10,9,0,8,8,6,8,22,83,2
0,0,0,0,0,0,0,0,0,0,0,0,0,0,0,0,0,0,0,0,14,1,3,5,5,7,9,9,7,6,190,2
0,0,0,0,0,0,0,0,0,0,0,0,0,0,0,0,0,0,0,0,88,17,1,5,9,3,10,4,5,3,111,2
0,0,0,0,0,0,0,0,0,0,0,0,0,0,0,0,0,0,0,0,100,18,2,7,5,3,0,7,5,12,97,2
0,0,0,0,0,0,0,0,0,0,0,0,0,0,0,0,0,0,0,0,39,29,7,9,8,0,8,2,0,10,144,2
0,0,0,0,0,0,0,0,0,0,0,0,0,0,0,0,0,0,0,0,62,36,10,0,4,10,6,9,2,16,101,2
0,0,0,0,0,0,0,0,0,0,0,0,0,0,0,0,0,0,0,0,56,0,7,6,1,4,6,1,5,32,138,2
0,0,0,0,0,0,0,0,0,0,0,0,0,0,0,0,0,0,0,0,73,27,5,1,0,8,2,7,7,7,119,2
0,0,0,0,0,0,0,0,0,0,0,0,0,0,0,0,0,0,0,0,72,6,7,2,6,1,5,5,6,36,110,2
0,0,0,0,0,0,0,0,0,0,0,0,0,0,0,0,0,0,0,0,62,6,3,6,2,7,5,3,1,2,159,2
0,0,0,0,0,0,0,0,0,0,0,0,0,0,0,0,0,0,0,0,53,22,10,2,0,8,0,4,10,6,141,2
0,0,0,0,0,0,0,0,0,0,0,0,0,0,0,0,0,0,0,0,86,22,5,7,5,9,5,4,8,37,68,2
0,0,0,0,0,0,0,0,0,0,0,0,0,0,0,0,0,0,0,0,55,6,10,7,9,6,0,0,6,35,122,2
0,0,0,0,0,0,0,0,0,0,0,0,0,0,0,0,0,0,0,0,70,2,9,8,2,10,9,9,3,19,115,2
0,0,0,0,0,0,0,0,0,0,0,0,0,0,0,0,0,0,0,0,96,20,10,8,2,6,9,8,6,1,90,2
0,0,0,0,0,0,0,0,0,0,0,0,0,0,0,0,0,0,0,0,33,16,3,7,3,2,0,2,1,40,149,2
